{
  "modelType": "LinearRegression",
  "version": "1.1",
  "timestamp": "2026-06-13T00:00:00Z",
  "coefficients": {
    "studyHours": 3.05268099,
    "sleepHours": 0.08636946,
    "previousScore": 0.41502612,
    "practiceTests": 1.68090291
  },
  "intercept": -3.38754771,
  "metrics": {
    "r2Score": 0.96124979,
    "mae": 2.29523661,
    "trainingSetSize": 200
  }
}
